New or returning customer,Day,Customers,Orders,Total sales,Day (previous_period),Customers (previous_period),Orders (previous_period),Total sales (previous_period),Customers (previous_period) ,Orders (previous_period) ,Total sales (previous_period) ,month_start,source_file
New,2025-12-01,265,265,437084.11,2025-09-02,170,170,307328.19,55.88235294117647,55.88235294117647,42.22,2025-12,dashboard_data/New vs returning_Dec2025-Feb2026_Shopify.csv
Returning,2025-12-01,647,674,1804462.62,2025-09-02,488,512,1386904.04,32.58196721311475,31.640625,30.107,2025-12,dashboard_data/New vs returning_Dec2025-Feb2026_Shopify.csv
New,2025-12-02,268,268,464059.83,2025-09-03,223,223,305697.65,20.179372197309416,20.179372197309416,51.803,2025-12,dashboard_data/New vs returning_Dec2025-Feb2026_Shopify.csv
Returning,2025-12-02,670,693,1958874.1,2025-09-03,522,541,1353480.76,28.35249042145594,28.09611829944547,44.728,2025-12,dashboard_data/New vs returning_Dec2025-Feb2026_Shopify.csv
New,2025-12-03,250,250,427674.16,2025-09-04,381,381,587856.78,-34.38320209973753,-34.38320209973753,-27.248,2025-12,dashboard_data/New vs returning_Dec2025-Feb2026_Shopify.csv
Returning,2025-12-03,615,643,1742264.43,2025-09-04,732,761,2080450.92,-15.98360655737705,-15.505913272010512,-16.255,2025-12,dashboard_data/New vs returning_Dec2025-Feb2026_Shopify.csv
Returning,2025-12-04,605,630,1681601.74,2025-09-05,686,721,1764097.3,-11.807580174927114,-12.62135922330097,-4.676,2025-12,dashboard_data/New vs returning_Dec2025-Feb2026_Shopify.csv
New,2025-12-04,237,237,376659.2,2025-09-05,369,369,537541.9,-35.77235772357724,-35.77235772357724,-29.929,2025-12,dashboard_data/New vs returning_Dec2025-Feb2026_Shopify.csv
Returning,2025-12-05,552,572,1579928.68,2025-09-06,686,720,1770723.29,-19.533527696793,-20.555555555555557,-10.774,2025-12,dashboard_data/New vs returning_Dec2025-Feb2026_Shopify.csv
New,2025-12-05,239,239,373748.14,2025-09-06,384,384,570354.95,-37.760416666666664,-37.760416666666664,-34.47,2025-12,dashboard_data/New vs returning_Dec2025-Feb2026_Shopify.csv
Returning,2025-12-06,547,578,1656756.81,2025-09-07,727,756,1839976.99,-24.759284731774414,-23.544973544973544,-9.957,2025-12,dashboard_data/New vs returning_Dec2025-Feb2026_Shopify.csv
New,2025-12-06,216,216,364827.81,2025-09-07,405,405,666753.42,-46.666666666666664,-46.666666666666664,-45.282,2025-12,dashboard_data/New vs returning_Dec2025-Feb2026_Shopify.csv
New,2025-12-07,201,201,324591.49,2025-09-08,417,417,665802.56,-51.798561151079134,-51.798561151079134,-51.248,2025-12,dashboard_data/New vs returning_Dec2025-Feb2026_Shopify.csv
Returning,2025-12-07,592,611,1651101.23,2025-09-08,716,758,1812215.15,-17.318435754189945,-19.393139841688654,-8.89,2025-12,dashboard_data/New vs returning_Dec2025-Feb2026_Shopify.csv
New,2025-12-08,248,248,390640.39,2025-09-09,232,232,366818.39,6.896551724137931,6.896551724137931,6.494,2025-12,dashboard_data/New vs returning_Dec2025-Feb2026_Shopify.csv
Returning,2025-12-08,595,612,1548805.06,2025-09-09,495,521,1321082.12,20.2020202020202,17.46641074856046,17.237,2025-12,dashboard_data/New vs returning_Dec2025-Feb2026_Shopify.csv
New,2025-12-09,248,248,427315.75,2025-09-10,182,182,260000.32,36.26373626373626,36.26373626373626,64.352,2025-12,dashboard_data/New vs returning_Dec2025-Feb2026_Shopify.csv
Returning,2025-12-09,607,637,1653127.59,2025-09-10,441,461,1153252.85,37.641723356009074,38.17787418655097,43.344,2025-12,dashboard_data/New vs returning_Dec2025-Feb2026_Shopify.csv
New,2025-12-10,215,215,380679.77,2025-09-11,188,188,254489.39,14.361702127659576,14.361702127659576,49.585,2025-12,dashboard_data/New vs returning_Dec2025-Feb2026_Shopify.csv
Returning,2025-12-10,590,617,1694883.13,2025-09-11,442,462,1308297.78,33.484162895927604,33.54978354978355,29.548,2025-12,dashboard_data/New vs returning_Dec2025-Feb2026_Shopify.csv
Returning,2025-12-11,538,564,1403250.08,2025-09-12,392,403,1005541.33,37.244897959183675,39.950372208436725,39.551,2025-12,dashboard_data/New vs returning_Dec2025-Feb2026_Shopify.csv
New,2025-12-11,229,229,490196.94,2025-09-12,205,205,312487.09,11.707317073170731,11.707317073170731,56.869,2025-12,dashboard_data/New vs returning_Dec2025-Feb2026_Shopify.csv
Returning,2025-12-12,595,614,1616205.05,2025-09-13,360,371,945525.18,65.27777777777777,65.49865229110512,70.931,2025-12,dashboard_data/New vs returning_Dec2025-Feb2026_Shopify.csv
New,2025-12-12,230,230,371071.52,2025-09-13,198,198,308269.89,16.161616161616163,16.161616161616163,20.372,2025-12,dashboard_data/New vs returning_Dec2025-Feb2026_Shopify.csv
Returning,2025-12-13,552,570,1463440.09,2025-09-14,444,467,1117718.04,24.324324324324323,22.05567451820129,30.931,2025-12,dashboard_data/New vs returning_Dec2025-Feb2026_Shopify.csv
New,2025-12-13,242,242,420728.02,2025-09-14,195,195,314220.77,24.102564102564106,24.102564102564106,33.895,2025-12,dashboard_data/New vs returning_Dec2025-Feb2026_Shopify.csv
Returning,2025-12-14,533,554,1378388.58,2025-09-15,427,441,1149482.08,24.824355971896956,25.62358276643991,19.913,2025-12,dashboard_data/New vs returning_Dec2025-Feb2026_Shopify.csv
New,2025-12-14,287,287,428868.87,2025-09-15,165,165,266280.66,73.93939393939394,73.93939393939394,61.058,2025-12,dashboard_data/New vs returning_Dec2025-Feb2026_Shopify.csv
New,2025-12-15,253,253,446512.23,2025-09-16,175,175,255197.6,44.57142857142857,44.57142857142857,74.967,2025-12,dashboard_data/New vs returning_Dec2025-Feb2026_Shopify.csv
Returning,2025-12-15,586,623,1663161.71,2025-09-16,413,427,1023917.0,41.88861985472155,45.90163934426229,62.431,2025-12,dashboard_data/New vs returning_Dec2025-Feb2026_Shopify.csv
New,2025-12-16,294,294,403525.7,2025-09-17,166,166,271940.46,77.10843373493977,77.10843373493977,48.387,2025-12,dashboard_data/New vs returning_Dec2025-Feb2026_Shopify.csv
Returning,2025-12-16,587,605,1489368.47,2025-09-17,476,491,1154075.44,23.319327731092436,23.21792260692464,29.052,2025-12,dashboard_data/New vs returning_Dec2025-Feb2026_Shopify.csv
New,2025-12-17,289,289,455715.19,2025-09-18,197,197,356523.88,46.7005076142132,46.7005076142132,27.821,2025-12,dashboard_data/New vs returning_Dec2025-Feb2026_Shopify.csv
Returning,2025-12-17,622,652,1660846.01,2025-09-18,405,416,1034967.12,53.58024691358025,56.73076923076923,60.473,2025-12,dashboard_data/New vs returning_Dec2025-Feb2026_Shopify.csv
Returning,2025-12-18,604,630,1599221.17,2025-09-19,390,400,1067014.49,54.87179487179487,57.5,49.878,2025-12,dashboard_data/New vs returning_Dec2025-Feb2026_Shopify.csv
New,2025-12-18,313,313,466072.12,2025-09-19,157,157,226606.18,99.36305732484075,99.36305732484075,105.674,2025-12,dashboard_data/New vs returning_Dec2025-Feb2026_Shopify.csv
New,2025-12-19,311,311,467064.55,2025-09-20,157,157,222872.46,98.08917197452227,98.08917197452227,109.565,2025-12,dashboard_data/New vs returning_Dec2025-Feb2026_Shopify.csv
Returning,2025-12-19,617,643,1717622.1,2025-09-20,399,415,1129364.67,54.636591478696744,54.93975903614458,52.087,2025-12,dashboard_data/New vs returning_Dec2025-Feb2026_Shopify.csv
New,2025-12-20,305,305,477238.84,2025-09-21,188,188,244029.14,62.234042553191486,62.234042553191486,95.566,2025-12,dashboard_data/New vs returning_Dec2025-Feb2026_Shopify.csv
Returning,2025-12-20,588,605,1564727.05,2025-09-21,468,478,1331615.43,25.64102564102564,26.569037656903767,17.505,2025-12,dashboard_data/New vs returning_Dec2025-Feb2026_Shopify.csv
Returning,2025-12-21,609,631,1604542.9,2025-09-22,392,409,1091597.16,55.357142857142854,54.27872860635697,46.99,2025-12,dashboard_data/New vs returning_Dec2025-Feb2026_Shopify.csv
New,2025-12-21,322,322,529106.08,2025-09-22,149,149,248449.66,116.10738255033556,116.10738255033556,112.963,2025-12,dashboard_data/New vs returning_Dec2025-Feb2026_Shopify.csv
Returning,2025-12-22,613,631,1612535.53,2025-09-23,484,506,1237649.76,26.65289256198347,24.703557312252965,30.29,2025-12,dashboard_data/New vs returning_Dec2025-Feb2026_Shopify.csv
New,2025-12-22,273,273,453433.22,2025-09-23,158,158,283836.8,72.78481012658227,72.78481012658227,59.751,2025-12,dashboard_data/New vs returning_Dec2025-Feb2026_Shopify.csv
New,2025-12-23,242,242,367984.2,2025-09-24,156,156,294679.89,55.12820512820513,55.12820512820513,24.875,2025-12,dashboard_data/New vs returning_Dec2025-Feb2026_Shopify.csv
Returning,2025-12-23,512,540,1404645.09,2025-09-24,417,433,1074671.91,22.781774580335732,24.711316397228636,30.704,2025-12,dashboard_data/New vs returning_Dec2025-Feb2026_Shopify.csv
New,2025-12-24,235,235,379363.02,2025-09-25,175,175,239176.57,34.285714285714285,34.285714285714285,58.612,2025-12,dashboard_data/New vs returning_Dec2025-Feb2026_Shopify.csv
Returning,2025-12-24,475,493,1254448.19,2025-09-25,455,475,1209619.2,4.395604395604396,3.789473684210526,3.706,2025-12,dashboard_data/New vs returning_Dec2025-Feb2026_Shopify.csv
New,2025-12-25,251,251,427928.08,2025-09-26,170,170,258218.96,47.64705882352941,47.64705882352941,65.722,2025-12,dashboard_data/New vs returning_Dec2025-Feb2026_Shopify.csv
Returning,2025-12-25,495,516,1331766.18,2025-09-26,446,473,1155711.87,10.986547085201794,9.090909090909092,15.233,2025-12,dashboard_data/New vs returning_Dec2025-Feb2026_Shopify.csv
Returning,2025-12-26,492,512,1307250.92,2025-09-27,394,408,1090676.8,24.873096446700508,25.49019607843137,19.856,2025-12,dashboard_data/New vs returning_Dec2025-Feb2026_Shopify.csv
New,2025-12-26,235,235,344360.64,2025-09-27,168,168,299872.71,39.88095238095238,39.88095238095238,14.835,2025-12,dashboard_data/New vs returning_Dec2025-Feb2026_Shopify.csv
New,2025-12-27,238,238,394341.07,2025-09-28,195,195,291103.38,22.05128205128205,22.05128205128205,35.464,2025-12,dashboard_data/New vs returning_Dec2025-Feb2026_Shopify.csv
Returning,2025-12-27,485,493,1295957.27,2025-09-28,464,485,1269914.47,4.525862068965517,1.649484536082474,2.05,2025-12,dashboard_data/New vs returning_Dec2025-Feb2026_Shopify.csv
Returning,2025-12-28,538,562,1402125.18,2025-09-29,428,445,1089940.54,25.700934579439252,26.292134831460675,28.642,2025-12,dashboard_data/New vs returning_Dec2025-Feb2026_Shopify.csv
New,2025-12-28,217,217,390850.45,2025-09-29,184,184,260676.59,17.934782608695652,17.934782608695652,49.936,2025-12,dashboard_data/New vs returning_Dec2025-Feb2026_Shopify.csv
Returning,2025-12-29,558,594,1497895.97,2025-09-30,465,490,1160552.55,20.0,21.22448979591837,29.067,2025-12,dashboard_data/New vs returning_Dec2025-Feb2026_Shopify.csv
New,2025-12-29,192,192,298585.34,2025-09-30,183,183,279728.86,4.918032786885246,4.918032786885246,6.74,2025-12,dashboard_data/New vs returning_Dec2025-Feb2026_Shopify.csv
New,2025-12-30,206,206,292280.09,2025-10-01,197,197,337100.54,4.568527918781726,4.568527918781726,-13.295,2025-12,dashboard_data/New vs returning_Dec2025-Feb2026_Shopify.csv
Returning,2025-12-30,540,572,1503789.12,2025-10-01,469,479,1218581.01,15.138592750533048,19.41544885177453,23.404,2025-12,dashboard_data/New vs returning_Dec2025-Feb2026_Shopify.csv
New,2025-12-31,184,184,302794.52,2025-10-02,232,232,399204.37,-20.689655172413794,-20.689655172413794,-24.15,2025-12,dashboard_data/New vs returning_Dec2025-Feb2026_Shopify.csv
Returning,2025-12-31,488,507,1483170.83,2025-10-02,497,527,1441993.65,-1.8108651911468816,-3.795066413662239,2.855,2025-12,dashboard_data/New vs returning_Dec2025-Feb2026_Shopify.csv
New,2026-01-01,156,156,223134.22,2025-10-03,202,202,369031.16,-22.77227722772277,-22.77227722772277,-39.535,2025-12,dashboard_data/New vs returning_Dec2025-Feb2026_Shopify.csv
Returning,2026-01-01,455,472,1291314.16,2025-10-03,470,492,1310039.12,-3.1914893617021276,-4.065040650406504,-1.429,2025-12,dashboard_data/New vs returning_Dec2025-Feb2026_Shopify.csv
Returning,2026-01-02,540,572,1433159.95,2025-10-04,523,555,1524049.66,3.2504780114722753,3.063063063063063,-5.963,2025-12,dashboard_data/New vs returning_Dec2025-Feb2026_Shopify.csv
New,2026-01-02,204,204,323948.61,2025-10-04,196,196,305887.66,4.081632653061225,4.081632653061225,5.904,2025-12,dashboard_data/New vs returning_Dec2025-Feb2026_Shopify.csv
New,2026-01-03,189,189,332560.3,2025-10-05,266,266,416019.93,-28.94736842105263,-28.94736842105263,-20.061,2025-12,dashboard_data/New vs returning_Dec2025-Feb2026_Shopify.csv
Returning,2026-01-03,524,536,1395166.02,2025-10-05,479,501,1213215.08,9.394572025052192,6.986027944111776,14.997,2025-12,dashboard_data/New vs returning_Dec2025-Feb2026_Shopify.csv
Returning,2026-01-04,517,529,1372198.91,2025-10-06,478,503,1377231.46,8.158995815899582,5.168986083499006,-0.365,2025-12,dashboard_data/New vs returning_Dec2025-Feb2026_Shopify.csv
New,2026-01-04,213,213,302280.54,2025-10-06,199,199,293514.51,7.035175879396985,7.035175879396985,2.986,2025-12,dashboard_data/New vs returning_Dec2025-Feb2026_Shopify.csv
New,2026-01-05,254,254,379592.08,2025-10-07,251,251,387460.43,1.195219123505976,1.195219123505976,-2.03,2025-12,dashboard_data/New vs returning_Dec2025-Feb2026_Shopify.csv
Returning,2026-01-05,755,796,1861601.64,2025-10-07,517,533,1372972.57,46.03481624758221,49.34333958724203,35.589,2025-12,dashboard_data/New vs returning_Dec2025-Feb2026_Shopify.csv
Returning,2026-01-06,682,719,1722306.53,2025-10-08,514,530,1297860.03,32.68482490272373,35.660377358490564,32.703,2025-12,dashboard_data/New vs returning_Dec2025-Feb2026_Shopify.csv
New,2026-01-06,303,303,409894.81,2025-10-08,271,271,404936.01,11.808118081180812,11.808118081180812,1.224,2025-12,dashboard_data/New vs returning_Dec2025-Feb2026_Shopify.csv
New,2026-01-07,279,279,425180.86,2025-10-09,232,232,337569.01,20.25862068965517,20.25862068965517,25.953,2025-12,dashboard_data/New vs returning_Dec2025-Feb2026_Shopify.csv
Returning,2026-01-07,640,663,1634160.86,2025-10-09,488,505,1220310.19,31.147540983606557,31.287128712871286,33.913,2025-12,dashboard_data/New vs returning_Dec2025-Feb2026_Shopify.csv
New,2026-01-08,247,247,368942.65,2025-10-10,211,211,287687.33,17.061611374407583,17.061611374407583,28.244,2025-12,dashboard_data/New vs returning_Dec2025-Feb2026_Shopify.csv
Returning,2026-01-08,609,640,1449141.09,2025-10-10,471,496,1202456.4,29.29936305732484,29.032258064516128,20.515,2025-12,dashboard_data/New vs returning_Dec2025-Feb2026_Shopify.csv
New,2026-01-09,222,222,323160.55,2025-10-11,226,226,330500.43,-1.7699115044247788,-1.7699115044247788,-2.22,2025-12,dashboard_data/New vs returning_Dec2025-Feb2026_Shopify.csv
Returning,2026-01-09,585,609,1403665.33,2025-10-11,456,472,1167804.62,28.289473684210527,29.02542372881356,20.196,2025-12,dashboard_data/New vs returning_Dec2025-Feb2026_Shopify.csv
Returning,2026-01-10,582,619,1428026.41,2025-10-12,555,573,1410947.51,4.864864864864865,8.027923211169284,1.21,2025-12,dashboard_data/New vs returning_Dec2025-Feb2026_Shopify.csv
New,2026-01-10,233,233,335874.44,2025-10-12,293,293,433550.87,-20.477815699658706,-20.477815699658706,-22.529,2025-12,dashboard_data/New vs returning_Dec2025-Feb2026_Shopify.csv
New,2026-01-11,260,260,423689.04,2025-10-13,237,237,317920.62,9.70464135021097,9.70464135021097,33.268,2025-12,dashboard_data/New vs returning_Dec2025-Feb2026_Shopify.csv
Returning,2026-01-11,563,584,1418182.88,2025-10-13,511,534,1333360.46,10.176125244618396,9.363295880149812,6.361,2025-12,dashboard_data/New vs returning_Dec2025-Feb2026_Shopify.csv
Returning,2026-01-12,549,567,1427666.82,2025-10-14,583,600,1369564.32,-5.831903945111493,-5.5,4.242,2025-12,dashboard_data/New vs returning_Dec2025-Feb2026_Shopify.csv
New,2026-01-12,222,222,302128.08,2025-10-14,255,255,358134.57,-12.941176470588236,-12.941176470588236,-15.638,2025-12,dashboard_data/New vs returning_Dec2025-Feb2026_Shopify.csv
Returning,2026-01-13,521,545,1321860.68,2025-10-15,549,579,1371980.35,-5.100182149362477,-5.872193436960276,-3.653,2025-12,dashboard_data/New vs returning_Dec2025-Feb2026_Shopify.csv
New,2026-01-13,205,205,325248.81,2025-10-15,245,245,383704.43,-16.3265306122449,-16.3265306122449,-15.234,2025-12,dashboard_data/New vs returning_Dec2025-Feb2026_Shopify.csv
Returning,2026-01-14,483,501,1145751.53,2025-10-16,516,547,1280459.69,-6.395348837209302,-8.409506398537477,-10.52,2025-12,dashboard_data/New vs returning_Dec2025-Feb2026_Shopify.csv
New,2026-01-14,210,210,387404.25,2025-10-16,252,252,361771.4,-16.666666666666668,-16.666666666666668,7.085,2025-12,dashboard_data/New vs returning_Dec2025-Feb2026_Shopify.csv
Returning,2026-01-15,475,492,1095176.31,2025-10-17,494,524,1200703.13,-3.8461538461538463,-6.106870229007634,-8.788,2025-12,dashboard_data/New vs returning_Dec2025-Feb2026_Shopify.csv
New,2026-01-15,232,232,298665.52,2025-10-17,211,211,297529.38,9.95260663507109,9.95260663507109,0.381,2025-12,dashboard_data/New vs returning_Dec2025-Feb2026_Shopify.csv
Returning,2026-01-16,517,547,1412658.8,2025-10-18,499,521,1259981.68,3.607214428857715,4.990403071017274,12.117,2025-12,dashboard_data/New vs returning_Dec2025-Feb2026_Shopify.csv
New,2026-01-16,194,194,246681.75,2025-10-18,223,223,353281.92,-13.004484304932737,-13.004484304932737,-30.174,2025-12,dashboard_data/New vs returning_Dec2025-Feb2026_Shopify.csv
New,2026-01-17,173,173,242333.0,2025-10-19,212,212,306811.03,-18.39622641509434,-18.39622641509434,-21.015,2025-12,dashboard_data/New vs returning_Dec2025-Feb2026_Shopify.csv
Returning,2026-01-17,518,536,1404968.73,2025-10-19,422,438,984872.56,22.748815165876778,22.374429223744293,42.654,2025-12,dashboard_data/New vs returning_Dec2025-Feb2026_Shopify.csv
Returning,2026-01-18,512,534,1409135.14,2025-10-20,323,332,784154.02,58.51393188854489,60.8433734939759,79.701,2025-12,dashboard_data/New vs returning_Dec2025-Feb2026_Shopify.csv
New,2026-01-18,176,176,215029.26,2025-10-20,160,160,244123.87,10.0,10.0,-11.917,2025-12,dashboard_data/New vs returning_Dec2025-Feb2026_Shopify.csv
New,2026-01-19,187,187,289269.23,2025-10-21,163,163,228949.35,14.723926380368098,14.723926380368098,26.346,2025-12,dashboard_data/New vs returning_Dec2025-Feb2026_Shopify.csv
Returning,2026-01-19,456,479,1293419.9,2025-10-21,413,426,1140468.95,10.411622276029057,12.44131455399061,13.411,2025-12,dashboard_data/New vs returning_Dec2025-Feb2026_Shopify.csv
New,2026-01-20,167,167,285331.85,2025-10-22,165,165,286334.17,1.2121212121212122,1.2121212121212122,-0.35,2025-12,dashboard_data/New vs returning_Dec2025-Feb2026_Shopify.csv
Returning,2026-01-20,443,464,1176495.5,2025-10-22,459,475,1313256.66,-3.485838779956427,-2.3157894736842106,-10.413,2025-12,dashboard_data/New vs returning_Dec2025-Feb2026_Shopify.csv
Returning,2026-01-21,463,478,1211204.53,2025-10-23,476,495,1339273.18,-2.73109243697479,-3.4343434343434343,-9.562,2025-12,dashboard_data/New vs returning_Dec2025-Feb2026_Shopify.csv
New,2026-01-21,166,166,285869.93,2025-10-23,178,178,272750.02,-6.741573033707865,-6.741573033707865,4.81,2025-12,dashboard_data/New vs returning_Dec2025-Feb2026_Shopify.csv
Returning,2026-01-22,447,460,1148289.22,2025-10-24,453,475,1338896.87,-1.3245033112582782,-3.1578947368421053,-14.236,2025-12,dashboard_data/New vs returning_Dec2025-Feb2026_Shopify.csv
New,2026-01-22,164,164,212216.62,2025-10-24,177,177,300211.31,-7.344632768361582,-7.344632768361582,-29.31,2025-12,dashboard_data/New vs returning_Dec2025-Feb2026_Shopify.csv
Returning,2026-01-23,380,399,968255.23,2025-10-25,441,458,1196077.1,-13.832199546485262,-12.882096069868997,-19.047,2025-12,dashboard_data/New vs returning_Dec2025-Feb2026_Shopify.csv
New,2026-01-23,135,135,165612.91,2025-10-25,173,173,326187.35,-21.965317919075144,-21.965317919075144,-49.227,2025-12,dashboard_data/New vs returning_Dec2025-Feb2026_Shopify.csv
New,2026-01-24,144,144,189336.8,2025-10-26,201,201,304282.89,-28.35820895522388,-28.35820895522388,-37.776,2025-12,dashboard_data/New vs returning_Dec2025-Feb2026_Shopify.csv
Returning,2026-01-24,456,463,1115364.58,2025-10-26,485,505,1279362.8,-5.979381443298969,-8.316831683168317,-12.818,2025-12,dashboard_data/New vs returning_Dec2025-Feb2026_Shopify.csv
New,2026-01-25,176,176,273781.86,2025-10-27,200,200,316058.38,-12.0,-12.0,-13.376,2025-12,dashboard_data/New vs returning_Dec2025-Feb2026_Shopify.csv
Returning,2026-01-25,399,417,1177407.51,2025-10-27,479,514,1315931.03,-16.701461377870565,-18.8715953307393,-10.526,2025-12,dashboard_data/New vs returning_Dec2025-Feb2026_Shopify.csv
Returning,2026-01-26,450,460,1256456.41,2025-10-28,510,537,1383296.49,-11.764705882352942,-14.338919925512103,-9.169,2025-12,dashboard_data/New vs returning_Dec2025-Feb2026_Shopify.csv
New,2026-01-26,170,170,257608.37,2025-10-28,206,206,367476.87,-17.475728155339805,-17.475728155339805,-29.898,2025-12,dashboard_data/New vs returning_Dec2025-Feb2026_Shopify.csv
Returning,2026-01-27,434,458,1318183.52,2025-10-29,549,570,1470624.38,-20.947176684881605,-19.649122807017545,-10.365,2025-12,dashboard_data/New vs returning_Dec2025-Feb2026_Shopify.csv
New,2026-01-27,171,171,217948.1,2025-10-29,191,191,298854.51,-10.471204188481677,-10.471204188481677,-27.072,2025-12,dashboard_data/New vs returning_Dec2025-Feb2026_Shopify.csv
Returning,2026-01-28,418,434,1291407.4,2025-10-30,494,512,1528355.72,-15.384615384615383,-15.234375,-15.503,2025-12,dashboard_data/New vs returning_Dec2025-Feb2026_Shopify.csv
New,2026-01-28,177,177,300608.63,2025-10-30,243,243,407752.93,-27.160493827160497,-27.160493827160497,-26.276,2025-12,dashboard_data/New vs returning_Dec2025-Feb2026_Shopify.csv
New,2026-01-29,191,191,244764.37,2025-10-31,215,215,299227.92,-11.16279069767442,-11.16279069767442,-18.201,2025-12,dashboard_data/New vs returning_Dec2025-Feb2026_Shopify.csv
Returning,2026-01-29,480,500,1357988.54,2025-10-31,477,505,1254378.17,0.6289308176100629,-0.99009900990099,8.259,2025-12,dashboard_data/New vs returning_Dec2025-Feb2026_Shopify.csv
Returning,2026-01-30,503,520,1429724.02,2025-11-01,589,619,1933652.07,-14.601018675721562,-15.993537964458804,-26.06,2025-12,dashboard_data/New vs returning_Dec2025-Feb2026_Shopify.csv
New,2026-01-30,168,168,233695.35,2025-11-01,197,197,337707.99,-14.720812182741115,-14.720812182741115,-30.799,2025-12,dashboard_data/New vs returning_Dec2025-Feb2026_Shopify.csv
New,2026-01-31,177,177,258029.37,2025-11-02,214,214,400798.41,-17.289719626168225,-17.289719626168225,-35.621,2025-12,dashboard_data/New vs returning_Dec2025-Feb2026_Shopify.csv
Returning,2026-01-31,490,514,1519279.14,2025-11-02,544,564,1371503.15,-9.926470588235292,-8.865248226950355,10.774,2025-12,dashboard_data/New vs returning_Dec2025-Feb2026_Shopify.csv
New,2026-02-01,190,190,284800.95,2025-11-03,190,190,296002.65,0.0,0.0,-3.784,2025-12,dashboard_data/New vs returning_Dec2025-Feb2026_Shopify.csv
Returning,2026-02-01,486,506,1325170.94,2025-11-03,529,543,1355891.3,-8.128544423440454,-6.813996316758748,-2.265,2025-12,dashboard_data/New vs returning_Dec2025-Feb2026_Shopify.csv
New,2026-02-02,159,159,287033.37,2025-11-04,196,196,342366.29,-18.877551020408163,-18.877551020408163,-16.161,2025-12,dashboard_data/New vs returning_Dec2025-Feb2026_Shopify.csv
Returning,2026-02-02,485,504,1557520.15,2025-11-04,540,557,1535054.55,-10.185185185185183,-9.515260323159785,1.463,2025-12,dashboard_data/New vs returning_Dec2025-Feb2026_Shopify.csv
New,2026-02-03,159,159,250292.94,2025-11-05,224,224,339324.9,-29.017857142857142,-29.017857142857142,-26.237,2025-12,dashboard_data/New vs returning_Dec2025-Feb2026_Shopify.csv
Returning,2026-02-03,510,549,1451367.69,2025-11-05,483,496,1349323.41,5.590062111801243,10.685483870967742,7.562,2025-12,dashboard_data/New vs returning_Dec2025-Feb2026_Shopify.csv
Returning,2026-02-04,458,476,1290313.12,2025-11-06,596,616,1607146.06,-23.154362416107386,-22.727272727272727,-19.714,2025-12,dashboard_data/New vs returning_Dec2025-Feb2026_Shopify.csv
New,2026-02-04,166,166,266468.19,2025-11-06,212,212,324392.01,-21.69811320754717,-21.69811320754717,-17.856,2025-12,dashboard_data/New vs returning_Dec2025-Feb2026_Shopify.csv
New,2026-02-05,153,153,263346.4,2025-11-07,200,200,310438.79,-23.5,-23.5,-15.169,2025-12,dashboard_data/New vs returning_Dec2025-Feb2026_Shopify.csv
Returning,2026-02-05,435,470,1293118.22,2025-11-07,461,482,1206699.37,-5.639913232104122,-2.4896265560165975,7.161,2025-12,dashboard_data/New vs returning_Dec2025-Feb2026_Shopify.csv
New,2026-02-06,157,157,279780.37,2025-11-08,232,232,355474.34,-32.327586206896555,-32.327586206896555,-21.293,2025-12,dashboard_data/New vs returning_Dec2025-Feb2026_Shopify.csv
Returning,2026-02-06,432,441,1125911.38,2025-11-08,501,523,1444448.89,-13.77245508982036,-15.678776290630974,-22.052,2025-12,dashboard_data/New vs returning_Dec2025-Feb2026_Shopify.csv
New,2026-02-07,136,136,196257.25,2025-11-09,256,256,447997.23,-46.875,-46.875,-56.192,2025-12,dashboard_data/New vs returning_Dec2025-Feb2026_Shopify.csv
Returning,2026-02-07,449,468,1266911.42,2025-11-09,565,593,1521640.94,-20.530973451327434,-21.079258010118043,-16.74,2025-12,dashboard_data/New vs returning_Dec2025-Feb2026_Shopify.csv
New,2026-02-08,164,164,238636.69,2025-11-10,252,252,439161.51,-34.92063492063492,-34.92063492063492,-45.66,2025-12,dashboard_data/New vs returning_Dec2025-Feb2026_Shopify.csv
Returning,2026-02-08,431,445,1178381.99,2025-11-10,569,586,1527979.63,-24.253075571177504,-24.061433447098977,-22.879,2025-12,dashboard_data/New vs returning_Dec2025-Feb2026_Shopify.csv
Returning,2026-02-09,438,453,1240757.85,2025-11-11,624,644,1667353.94,-29.807692307692307,-29.658385093167706,-25.585,2025-12,dashboard_data/New vs returning_Dec2025-Feb2026_Shopify.csv
New,2026-02-09,155,155,226808.43,2025-11-11,249,249,385041.39,-37.75100401606426,-37.75100401606426,-41.095,2025-12,dashboard_data/New vs returning_Dec2025-Feb2026_Shopify.csv
Returning,2026-02-10,473,483,1207333.6,2025-11-12,534,552,1338670.61,-11.423220973782772,-12.5,-9.811,2025-12,dashboard_data/New vs returning_Dec2025-Feb2026_Shopify.csv
New,2026-02-10,136,136,204522.59,2025-11-12,276,276,521232.75,-50.72463768115942,-50.72463768115942,-60.761,2025-12,dashboard_data/New vs returning_Dec2025-Feb2026_Shopify.csv
Returning,2026-02-11,434,444,1073674.01,2025-11-13,597,625,1493628.42,-27.30318257956449,-28.96,-28.116,2025-12,dashboard_data/New vs returning_Dec2025-Feb2026_Shopify.csv
New,2026-02-11,151,151,249689.42,2025-11-13,265,265,394337.17,-43.0188679245283,-43.0188679245283,-36.681,2025-12,dashboard_data/New vs returning_Dec2025-Feb2026_Shopify.csv
Returning,2026-02-12,447,469,1252881.36,2025-11-14,529,556,1378913.0,-15.500945179584122,-15.647482014388489,-9.139,2025-12,dashboard_data/New vs returning_Dec2025-Feb2026_Shopify.csv
New,2026-02-12,198,198,284518.67,2025-11-14,218,218,371451.09,-9.174311926605505,-9.174311926605505,-23.403,2025-12,dashboard_data/New vs returning_Dec2025-Feb2026_Shopify.csv
New,2026-02-13,136,136,187594.67,2025-11-15,286,286,490785.7,-52.44755244755245,-52.44755244755245,-61.776,2025-12,dashboard_data/New vs returning_Dec2025-Feb2026_Shopify.csv
Returning,2026-02-13,422,450,1055853.27,2025-11-15,532,551,1574001.91,-20.67669172932331,-18.330308529945555,-32.919,2025-12,dashboard_data/New vs returning_Dec2025-Feb2026_Shopify.csv
New,2026-02-14,129,129,177727.74,2025-11-16,271,271,459787.1,-52.398523985239855,-52.398523985239855,-61.345,2025-12,dashboard_data/New vs returning_Dec2025-Feb2026_Shopify.csv
Returning,2026-02-14,379,385,927563.78,2025-11-16,582,620,1647198.14,-34.87972508591065,-37.903225806451616,-43.688,2025-12,dashboard_data/New vs returning_Dec2025-Feb2026_Shopify.csv
New,2026-02-15,148,148,218230.97,2025-11-17,267,267,475794.8,-44.56928838951311,-44.56928838951311,-54.133,2025-12,dashboard_data/New vs returning_Dec2025-Feb2026_Shopify.csv
Returning,2026-02-15,449,474,1205502.76,2025-11-17,598,618,1574435.63,-24.91638795986622,-23.300970873786408,-23.432,2025-12,dashboard_data/New vs returning_Dec2025-Feb2026_Shopify.csv
New,2026-02-16,148,148,221442.21,2025-11-18,263,263,447509.33,-43.72623574144487,-43.72623574144487,-50.516,2025-12,dashboard_data/New vs returning_Dec2025-Feb2026_Shopify.csv
Returning,2026-02-16,414,430,1084680.5,2025-11-18,628,655,1797064.75,-34.07643312101911,-34.35114503816794,-39.641,2025-12,dashboard_data/New vs returning_Dec2025-Feb2026_Shopify.csv
Returning,2026-02-17,420,434,1252138.24,2025-11-19,550,570,1496795.48,-23.636363636363637,-23.859649122807017,-16.345,2025-12,dashboard_data/New vs returning_Dec2025-Feb2026_Shopify.csv
New,2026-02-17,131,131,152922.21,2025-11-19,306,306,515128.31,-57.189542483660134,-57.189542483660134,-70.313,2025-12,dashboard_data/New vs returning_Dec2025-Feb2026_Shopify.csv
New,2026-02-18,144,144,194280.81,2025-11-20,233,233,335163.41,-38.197424892703864,-38.197424892703864,-42.034,2025-12,dashboard_data/New vs returning_Dec2025-Feb2026_Shopify.csv
Returning,2026-02-18,429,456,1132168.38,2025-11-20,503,517,1233726.19,-14.711729622266402,-11.798839458413926,-8.231,2025-12,dashboard_data/New vs returning_Dec2025-Feb2026_Shopify.csv
New,2026-02-19,153,153,204174.88,2025-11-21,241,241,399410.95,-36.51452282157676,-36.51452282157676,-48.881,2025-12,dashboard_data/New vs returning_Dec2025-Feb2026_Shopify.csv
Returning,2026-02-19,406,424,1132548.48,2025-11-21,517,539,1351536.57,-21.47001934235977,-21.335807050092765,-16.202,2025-12,dashboard_data/New vs returning_Dec2025-Feb2026_Shopify.csv
Returning,2026-02-20,418,427,1052306.65,2025-11-22,532,547,1381857.27,-21.428571428571427,-21.937842778793417,-23.848,2025-12,dashboard_data/New vs returning_Dec2025-Feb2026_Shopify.csv
New,2026-02-20,126,126,195654.73,2025-11-22,212,212,291271.68,-40.56603773584906,-40.56603773584906,-32.827,2025-12,dashboard_data/New vs returning_Dec2025-Feb2026_Shopify.csv
New,2026-02-21,150,150,204344.08,2025-11-23,235,235,372145.97,-36.17021276595744,-36.17021276595744,-45.09,2025-12,dashboard_data/New vs returning_Dec2025-Feb2026_Shopify.csv
Returning,2026-02-21,401,419,1149202.95,2025-11-23,505,525,1427721.33,-20.594059405940595,-20.19047619047619,-19.507,2025-12,dashboard_data/New vs returning_Dec2025-Feb2026_Shopify.csv
Returning,2026-02-22,404,421,1106681.44,2025-11-24,522,545,1552357.99,-22.60536398467433,-22.75229357798165,-28.709,2025-12,dashboard_data/New vs returning_Dec2025-Feb2026_Shopify.csv
New,2026-02-22,155,155,200508.57,2025-11-24,226,226,345880.08,-31.41592920353982,-31.41592920353982,-42.029,2025-12,dashboard_data/New vs returning_Dec2025-Feb2026_Shopify.csv
Returning,2026-02-23,415,432,1087696.86,2025-11-25,553,582,1637390.28,-24.95479204339964,-25.77319587628866,-33.571,2025-12,dashboard_data/New vs returning_Dec2025-Feb2026_Shopify.csv
New,2026-02-23,189,189,213481.52,2025-11-25,219,219,356452.26,-13.6986301369863,-13.6986301369863,-40.109,2025-12,dashboard_data/New vs returning_Dec2025-Feb2026_Shopify.csv
New,2026-02-24,167,167,216375.83,2025-11-26,189,189,323573.0,-11.64021164021164,-11.64021164021164,-33.129,2025-12,dashboard_data/New vs returning_Dec2025-Feb2026_Shopify.csv
Returning,2026-02-24,435,453,1065151.03,2025-11-26,534,553,1655353.87,-18.53932584269663,-18.083182640144667,-35.654,2025-12,dashboard_data/New vs returning_Dec2025-Feb2026_Shopify.csv
Returning,2026-02-25,449,468,1290257.76,2025-11-27,556,583,1640452.36,-19.244604316546763,-19.725557461406517,-21.347,2025-12,dashboard_data/New vs returning_Dec2025-Feb2026_Shopify.csv
New,2026-02-25,181,181,321021.64,2025-11-27,217,217,368774.03,-16.589861751152075,-16.589861751152075,-12.948,2025-12,dashboard_data/New vs returning_Dec2025-Feb2026_Shopify.csv
New,2026-02-26,177,177,204895.36,2025-11-28,277,277,471828.58,-36.101083032490976,-36.101083032490976,-56.574,2025-12,dashboard_data/New vs returning_Dec2025-Feb2026_Shopify.csv
Returning,2026-02-26,449,458,1243067.74,2025-11-28,641,685,1747842.87,-29.953198127925116,-33.13868613138686,-28.879,2025-12,dashboard_data/New vs returning_Dec2025-Feb2026_Shopify.csv
New,2026-02-27,204,204,263090.9,2025-11-29,234,234,417073.79,-12.82051282051282,-12.82051282051282,-36.919,2025-12,dashboard_data/New vs returning_Dec2025-Feb2026_Shopify.csv
Returning,2026-02-27,463,480,1133950.36,2025-11-29,623,640,1736472.89,-25.682182985553773,-25.0,-34.698,2025-12,dashboard_data/New vs returning_Dec2025-Feb2026_Shopify.csv
Returning,2026-02-28,494,515,1350236.22,2025-11-30,689,710,1956951.69,-28.30188679245283,-27.464788732394368,-31.003,2025-12,dashboard_data/New vs returning_Dec2025-Feb2026_Shopify.csv
New,2026-02-28,180,180,260377.62,2025-11-30,280,280,481861.32,-35.714285714285715,-35.714285714285715,-45.964,2025-12,dashboard_data/New vs returning_Dec2025-Feb2026_Shopify.csv
